{
  "3ccfcd8f-45f5-468a-b0ba-f03813fbe4ae": {
    "device_uuid": "3ccfcd8f-45f5-468a-b0ba-f03813fbe4ae",
    "client_type": "native",
    "custom_name": null,
    "channels": [
      0
    ],
    "gains": {
      "0": 3.9810717055349722
    },
    "pans": {
      "0": 0.0
    },
    "mutes": {
      "0": false
    },
    "master_gain": 1.0,
    "created_at": 1768520652.8938606,
    "last_modified": 1768532640.018288,
    "last_session_duration": 0.0,
    "reconnection_count": 644,
    "channel_names": {},
    "data_hash": "49458c9ba15437de6312d4a7b5129c375aab6425b70d84b28f3f1f1c8cd2ae86",
    "schema_version": 1
  },
  "df2380cd-f502-4a3d-8f05-02419094606a": {
    "device_uuid": "df2380cd-f502-4a3d-8f05-02419094606a",
    "client_type": "native",
    "custom_name": null,
    "channels": [
      0
    ],
    "gains": {
      "0": 3.9810717055349722,
      "1": 0.06309573444801933
    },
    "pans": {
      "0": 0.0
    },
    "mutes": {
      "0": false
    },
    "master_gain": 1.0,
    "created_at": 1768520652.9164531,
    "last_modified": 1768532640.763286,
    "last_session_duration": 0.0,
    "reconnection_count": 1584,
    "channel_names": {},
    "data_hash": "800661652118e0fac12ac3ec4e35ab23618aaa7d9eb0e2afbb4e7de26e328d65",
    "schema_version": 1
  }
}