{
  "timestamp": 1768492741,
  "channels_state": {
    "ccf60cb2-4bd4-40d5-9fd5-001388cc5cb0": {
      "channels": [
        1
      ],
      "gains": {
        "0": 1.0,
        "1": 1.4125375446227544,
        "2": 1.0592537251772889,
        "3": 0.6683439175686147,
        "4": 0.5623413251903491,
        "5": 1.0,
        "6": 1.0,
        "7": 1.0
      },
      "pans": {
        "0": 0.0,
        "1": 0.0,
        "2": 0.0,
        "3": 0.0,
        "4": 0.0,
        "5": 0.0,
        "6": 0.0,
        "7": 0.0
      },
      "mutes": {
        "0": false,
        "1": false,
        "2": false,
        "3": false,
        "4": false,
        "5": false,
        "6": false,
        "7": false
      },
      "solos": [],
      "master_gain": 1.0,
      "timestamp": 1768013479017
    },
    "09ddacad-ae0b-4d9b-8ce8-bd46fb30e569": {
      "channels": [
        1
      ],
      "gains": {
        "0": 1.2589254117941673,
        "1": 2.51188643150958,
        "2": 1.0,
        "3": 1.0,
        "4": 1.0,
        "5": 1.0,
        "6": 1.0,
        "7": 1.0
      },
      "pans": {
        "0": 0.0,
        "1": 0.0,
        "2": 0.0,
        "3": 0.0,
        "4": 0.0,
        "5": 0.0,
        "6": 0.0,
        "7": 0.0
      },
      "mutes": {
        "0": false,
        "1": false,
        "2": false,
        "3": false,
        "4": false,
        "5": false,
        "6": false,
        "7": false
      },
      "solos": [],
      "master_gain": 1.0,
      "timestamp": 1768013449117
    },
    "af0c3832-c3d3-486b-aa15-10c19087c06c": {
      "channels": [],
      "gains": {
        "7": 1.0,
        "1": 1.0,
        "0": 1.0
      },
      "pans": {
        "7": 0.0,
        "1": 0.0,
        "0": 0.0
      },
      "mutes": {
        "7": false,
        "1": false,
        "0": false
      },
      "solos": [],
      "master_gain": 1.0,
      "timestamp": 1768183682779
    },
    "053f3ab7-1523-4b50-a6fe-b332b86cc1ae": {
      "channels": [],
      "gains": {
        "0": 3.9810717055349722,
        "1": 1.0,
        "2": 1.0,
        "3": 1.0,
        "4": 1.0,
        "5": 1.0,
        "6": 1.0,
        "7": 1.0
      },
      "pans": {
        "0": 0.0,
        "1": 0.0,
        "2": 0.0,
        "3": 0.0,
        "4": 0.0,
        "5": 0.0,
        "6": 0.0,
        "7": 0.0
      },
      "mutes": {
        "0": false,
        "1": false,
        "2": false,
        "3": false,
        "4": false,
        "5": false,
        "6": false,
        "7": false
      },
      "solos": [],
      "master_gain": 1.0,
      "timestamp": 1768262760140
    },
    "36f2d666-21fd-4490-8ec8-160fb7f70b95": {
      "channels": [
        0
      ],
      "gains": {
        "0": 3.9810717055349722,
        "1": 1.0,
        "2": 1.0,
        "3": 1.0,
        "4": 1.0,
        "5": 1.0,
        "6": 1.0,
        "7": 3.9810717055349722
      },
      "pans": {
        "0": 0.0,
        "1": 0.0,
        "2": 0.0,
        "3": 0.0,
        "4": 0.0,
        "5": 0.0,
        "6": 0.0,
        "7": 0.0
      },
      "mutes": {
        "0": false,
        "1": false,
        "2": false,
        "3": false,
        "4": false,
        "5": false,
        "6": false,
        "7": false
      },
      "solos": [],
      "master_gain": 1.0,
      "timestamp": 1768262758399
    },
    "b8230a92-6155-45e7-a3c5-871a0d53dae2": {
      "channels": [
        0,
        1,
        2,
        3,
        4,
        5,
        6,
        7
      ],
      "gains": {
        "0": 1.0,
        "1": 1.0,
        "2": 1.0,
        "3": 1.0,
        "4": 1.0,
        "5": 1.0,
        "6": 1.0,
        "7": 1.0
      },
      "pans": {
        "0": 0.0,
        "1": 0.0,
        "2": 0.0,
        "3": 0.0,
        "4": 0.0,
        "5": 0.0,
        "6": 0.0,
        "7": 0.0
      },
      "mutes": {
        "0": false,
        "1": false,
        "2": false,
        "3": false,
        "4": false,
        "5": false,
        "6": false,
        "7": false
      },
      "solos": [],
      "master_gain": 1.0,
      "timestamp": 1768262078984
    },
    "2d2e13bc-ae93-452d-bf03-a9f53925d4f0": {
      "channels": [
        0
      ],
      "gains": {
        "0": 3.9810717055349722,
        "1": 1.0,
        "2": 1.0,
        "3": 1.0,
        "4": 1.0,
        "5": 1.0,
        "6": 1.0,
        "7": 1.0
      },
      "pans": {
        "0": 0.0,
        "1": 0.0,
        "2": 0.0,
        "3": 0.0,
        "4": 0.0,
        "5": 0.0,
        "6": 0.0,
        "7": 0.0
      },
      "mutes": {
        "0": false,
        "1": false,
        "2": false,
        "3": false,
        "4": false,
        "5": false,
        "6": false,
        "7": false
      },
      "solos": [],
      "master_gain": 1.0,
      "timestamp": 1768262756314
    },
    "3ccfcd8f-45f5-468a-b0ba-f03813fbe4ae": {
      "channels": [
        0
      ],
      "gains": {
        "0": 1.0
      },
      "pans": {
        "0": 0.0
      },
      "mutes": {
        "0": false
      },
      "solos": [],
      "master_gain": 1.0,
      "timestamp": 1768491901298
    },
    "617176a1-c5bf-4745-9cac-7f81e8c145a8": {
      "channels": [
        0
      ],
      "gains": {
        "0": 1.0
      },
      "pans": {
        "0": 0.0
      },
      "mutes": {
        "0": false
      },
      "solos": [],
      "master_gain": 1.0,
      "timestamp": 1768492741545
    }
  }
}