{
  "timestamp": 1768013479,
  "channels_state": {
    "ccf60cb2-4bd4-40d5-9fd5-001388cc5cb0": {
      "channels": [
        1
      ],
      "gains": {
        "0": 1.0,
        "1": 1.4125375446227544,
        "2": 1.0592537251772889,
        "3": 0.6683439175686147,
        "4": 0.5623413251903491,
        "5": 1.0,
        "6": 1.0,
        "7": 1.0
      },
      "pans": {
        "0": 0.0,
        "1": 0.0,
        "2": 0.0,
        "3": 0.0,
        "4": 0.0,
        "5": 0.0,
        "6": 0.0,
        "7": 0.0
      },
      "mutes": {
        "0": false,
        "1": false,
        "2": false,
        "3": false,
        "4": false,
        "5": false,
        "6": false,
        "7": false
      },
      "solos": [],
      "master_gain": 1.0,
      "timestamp": 1768013479017
    },
    "09ddacad-ae0b-4d9b-8ce8-bd46fb30e569": {
      "channels": [
        1
      ],
      "gains": {
        "0": 1.2589254117941673,
        "1": 2.51188643150958,
        "2": 1.0,
        "3": 1.0,
        "4": 1.0,
        "5": 1.0,
        "6": 1.0,
        "7": 1.0
      },
      "pans": {
        "0": 0.0,
        "1": 0.0,
        "2": 0.0,
        "3": 0.0,
        "4": 0.0,
        "5": 0.0,
        "6": 0.0,
        "7": 0.0
      },
      "mutes": {
        "0": false,
        "1": false,
        "2": false,
        "3": false,
        "4": false,
        "5": false,
        "6": false,
        "7": false
      },
      "solos": [],
      "master_gain": 1.0,
      "timestamp": 1768013449117
    }
  }
}