{
  "timestamp": 1768601293,
  "channels_state": {
    "df2380cd-f502-4a3d-8f05-02419094606a": {
      "channels": [
        0,
        1,
        2,
        3,
        4,
        5,
        6,
        7
      ],
      "gains": {
        "0": 0.18836490894898006,
        "1": 0.06309573444801933,
        "2": 0.001,
        "3": 0.001,
        "4": 0.001,
        "5": 0.001,
        "6": 0.001,
        "7": 0.001
      },
      "pans": {
        "0": 0.0,
        "1": 0.0,
        "2": 0.0,
        "3": 0.0,
        "4": 0.0,
        "5": 0.0,
        "6": 0.0,
        "7": 0.0
      },
      "mutes": {
        "0": false,
        "1": false,
        "2": false,
        "3": false,
        "4": false,
        "5": false,
        "6": false,
        "7": false
      },
      "solos": [],
      "master_gain": 1.0,
      "timestamp": 1768601292098
    },
    "3ccfcd8f-45f5-468a-b0ba-f03813fbe4ae": {
      "channels": [
        0,
        1,
        2,
        3,
        4,
        5,
        6,
        7
      ],
      "gains": {
        "0": 2.51188643150958,
        "1": 1.4125375446227544,
        "2": 0.001,
        "3": 0.001,
        "4": 0.001,
        "5": 0.001,
        "6": 0.001,
        "7": 0.001
      },
      "pans": {
        "0": 0.0,
        "1": 0.0,
        "2": 0.0,
        "3": 0.0,
        "4": 0.0,
        "5": 0.0,
        "6": 0.0,
        "7": 0.0
      },
      "mutes": {
        "0": false,
        "1": false,
        "2": false,
        "3": false,
        "4": false,
        "5": false,
        "6": false,
        "7": false
      },
      "solos": [],
      "master_gain": 1.0,
      "timestamp": 1768601293653
    }
  }
}