{
  "timestamp": 1767642156,
  "channels_state": {
    "__master_server_client__": {
      "channels": [],
      "gains": {
        "0": 1.0,
        "1": 1.7782794100389228,
        "2": 1.0,
        "3": 1.0,
        "4": 1.0,
        "5": 1.0,
        "6": 1.0,
        "7": 1.0
      },
      "pans": {
        "0": 0.0,
        "1": 0.0,
        "2": 0.0,
        "3": 0.0,
        "4": 0.0,
        "5": 0.0,
        "6": 0.0,
        "7": 0.0
      },
      "mutes": {
        "0": false,
        "1": false,
        "2": false,
        "3": false,
        "4": false,
        "5": false,
        "6": false,
        "7": false
      },
      "solos": [],
      "master_gain": 1.0,
      "timestamp": 1767642156215
    },
    "045e8e48-0d4b-446a-ae0e-73a022686016": {
      "channels": [
        0,
        1,
        2,
        3,
        4,
        5,
        6,
        7
      ],
      "gains": {
        "1": 3.9810717055349722,
        "0": 1.0,
        "2": 1.0,
        "3": 1.0,
        "4": 1.0,
        "5": 1.0,
        "6": 1.0,
        "7": 1.0
      },
      "pans": {
        "1": -0.56,
        "0": 0.0,
        "2": 0.0,
        "3": 0.0,
        "4": 0.0,
        "5": 0.0,
        "6": 0.0,
        "7": 0.0
      },
      "mutes": {
        "1": false,
        "0": false,
        "2": false,
        "3": false,
        "4": false,
        "5": false,
        "6": false,
        "7": false
      },
      "solos": [],
      "master_gain": 1.0,
      "timestamp": 1767642095922
    },
    "2c0b900e-2c9f-496e-8cde-0e2afc4a14a2": {
      "channels": [
        0,
        1,
        2,
        3,
        4,
        5,
        6,
        7
      ],
      "gains": {
        "0": 1.0,
        "1": 1.0,
        "2": 1.0,
        "3": 1.0,
        "4": 1.0,
        "5": 1.0,
        "6": 1.0,
        "7": 1.0
      },
      "pans": {
        "0": 0.0,
        "1": 0.0,
        "2": 0.0,
        "3": 0.0,
        "4": 0.0,
        "5": 0.0,
        "6": 0.0,
        "7": 0.0
      },
      "mutes": {
        "0": false,
        "1": false,
        "2": false,
        "3": false,
        "4": false,
        "5": false,
        "6": false,
        "7": false
      },
      "solos": [],
      "master_gain": 1.0,
      "timestamp": 1767642106703
    },
    "9ec784d0-84b9-4ca2-9ce8-293a0add4319": {
      "channels": [
        0,
        1,
        2,
        3,
        4,
        5,
        6,
        7
      ],
      "gains": {
        "1": 1.4962356560944334,
        "0": 1.0,
        "2": 1.0,
        "3": 1.0,
        "4": 1.0,
        "5": 1.0,
        "6": 1.0,
        "7": 1.0
      },
      "pans": {
        "1": 0.0,
        "0": 0.0,
        "2": 0.0,
        "3": 0.0,
        "4": 0.0,
        "5": 0.0,
        "6": 0.0,
        "7": 0.0
      },
      "mutes": {
        "1": false,
        "0": false,
        "2": false,
        "3": false,
        "4": false,
        "5": false,
        "6": false,
        "7": false
      },
      "solos": [],
      "master_gain": 1.0,
      "timestamp": 1767642108838
    },
    "c03fb2df-d314-4eac-be26-efc8c7b4214b": {
      "channels": [
        1
      ],
      "gains": {
        "1": 1.0
      },
      "pans": {
        "1": 0.0
      },
      "mutes": {
        "1": false
      },
      "solos": [],
      "master_gain": 1.0,
      "timestamp": 1767640350097
    },
    "59e46916-bd08-492d-af8c-3b56dd881529": {
      "channels": [
        1
      ],
      "gains": {
        "1": 1.0
      },
      "pans": {
        "1": 0.0
      },
      "mutes": {
        "1": false
      },
      "solos": [],
      "master_gain": 1.0,
      "timestamp": 1767640399239
    },
    "dad40a4d-e333-4389-b3b0-e26cfc806fcb": {
      "channels": [
        0,
        1,
        2,
        3,
        4,
        5,
        6,
        7
      ],
      "gains": {
        "1": 1.0,
        "0": 1.0,
        "2": 1.0,
        "3": 1.0,
        "4": 1.0,
        "5": 1.0,
        "6": 1.0,
        "7": 1.0
      },
      "pans": {
        "1": 0.0,
        "0": 0.0,
        "2": 0.0,
        "3": 0.0,
        "4": 0.0,
        "5": 0.0,
        "6": 0.0,
        "7": 0.0
      },
      "mutes": {
        "1": false,
        "0": false,
        "2": false,
        "3": false,
        "4": false,
        "5": false,
        "6": false,
        "7": false
      },
      "solos": [],
      "master_gain": 1.0,
      "timestamp": 1767642102335
    }
  }
}