{
  "df2380cd-f502-4a3d-8f05-02419094606a": {
    "channels": [],
    "gains": {
      "0": 0.18836490894898006,
      "1": 0.06309573444801933
    },
    "pans": {
      "0": 0.0
    },
    "mutes": {
      "0": false
    },
    "master_gain": 1.0,
    "last_seen": 1768601129.7266667,
    "reconnection_count": 1,
    "client_type": "native"
  },
  "3ccfcd8f-45f5-468a-b0ba-f03813fbe4ae": {
    "channels": [],
    "gains": {
      "0": 2.2387211385683394,
      "1": 1.4125375446227544
    },
    "pans": {
      "0": 0.0,
      "1": 0.0
    },
    "mutes": {
      "0": false,
      "1": false
    },
    "master_gain": 1.0,
    "last_seen": 1768601129.782038,
    "reconnection_count": 1,
    "client_type": "native"
  },
  "test_android_client": {
    "channels": [],
    "gains": {
      "0": 1.0,
      "1": 1.0
    },
    "pans": {
      "0": 0.0,
      "1": 0.0
    },
    "mutes": {
      "0": false,
      "1": false
    },
    "master_gain": 1.0,
    "timestamp": 1768601095476
  }
}