{
  "00758099-115b-4860-8579-8f4cb3e739c4": {
    "channels": [],
    "gains": {},
    "pans": {},
    "mutes": {},
    "solos": [],
    "pre_listen": null,
    "master_gain": 1.0,
    "last_seen": 1767534822.076983,
    "reconnection_count": 0,
    "client_type": "native"
  },
  "41ac1159-21a9-41cf-8201-e2c32e8520fc": {
    "channels": [
      1
    ],
    "gains": {
      "1": 0.31622776601683794,
      "0": 1.0,
      "2": 1.0,
      "3": 1.0,
      "4": 1.0,
      "5": 1.0,
      "6": 1.0,
      "7": 1.0
    },
    "pans": {
      "1": 0.0,
      "0": 0.0,
      "2": 0.0,
      "3": 0.0,
      "4": 0.0,
      "5": 0.0,
      "6": 0.0,
      "7": 0.0
    },
    "mutes": {
      "1": false,
      "0": false,
      "2": false,
      "3": false,
      "4": false,
      "5": false,
      "6": false,
      "7": false
    },
    "solos": [],
    "pre_listen": null,
    "master_gain": 1.0,
    "last_seen": 1767610031.1574402,
    "reconnection_count": 0,
    "client_type": "native"
  },
  "3a4b1164-fab5-4947-af14-dd8c8c99f242": {
    "channels": [
      1
    ],
    "gains": {
      "1": 0.4216965034285822,
      "2": 1.0,
      "3": 1.0,
      "0": 1.0
    },
    "pans": {
      "1": 0.0,
      "2": 0.0,
      "3": 0.0,
      "0": 0.0
    },
    "mutes": {
      "1": false,
      "2": false,
      "3": false,
      "0": false
    },
    "solos": [],
    "pre_listen": null,
    "master_gain": 1.0,
    "last_seen": 1767614769.1364338,
    "reconnection_count": 0,
    "client_type": "native"
  },
  "cd1f98c6-4bd4-4903-afe8-cd6c9acc4972": {
    "channels": [
      1
    ],
    "gains": {
      "1": 1.0
    },
    "pans": {
      "1": 0.0
    },
    "mutes": {
      "1": false
    },
    "master_gain": 1.0,
    "last_seen": 1767627974.2070804,
    "reconnection_count": 0,
    "client_type": "native"
  },
  "c3f3edb4-22ef-4a7c-b7f2-6424d6dff21b": {
    "channels": [
      1
    ],
    "gains": {
      "1": 3.9810717055349722,
      "2": 1.0,
      "0": 1.0,
      "3": 1.0
    },
    "pans": {
      "1": 0.0,
      "2": 0.0,
      "0": 0.0,
      "3": 0.0
    },
    "mutes": {
      "1": false,
      "2": false,
      "0": false,
      "3": false
    },
    "solos": [],
    "pre_listen": null,
    "master_gain": 1.0,
    "last_seen": 1767609618.1767519,
    "reconnection_count": 0,
    "client_type": "native"
  },
  "c614642d-99c2-4965-8c3e-e4d05ba212f9": {
    "channels": [
      1
    ],
    "gains": {
      "0": 1.0,
      "1": 0.6309573444801932,
      "2": 1.0,
      "3": 1.0,
      "4": 1.0,
      "5": 1.0,
      "6": 1.0,
      "7": 1.0
    },
    "pans": {
      "0": 0.0,
      "1": 0.0,
      "2": 0.0,
      "3": 0.0,
      "4": 0.0,
      "5": 0.0,
      "6": 0.0,
      "7": 0.0
    },
    "mutes": {
      "0": false,
      "1": false,
      "2": false,
      "3": false,
      "4": false,
      "5": false,
      "6": false,
      "7": false
    },
    "solos": [],
    "pre_listen": null,
    "master_gain": 1.0,
    "last_seen": 1767612616.5377054,
    "reconnection_count": 0,
    "client_type": "native"
  },
  "08a8ab77-888a-400a-929c-aaabfa5e6c23": {
    "channels": [
      1
    ],
    "gains": {
      "0": 1.0,
      "1": 0.3981071705534972,
      "7": 1.0,
      "2": 1.0,
      "3": 1.0,
      "4": 1.0,
      "5": 1.0,
      "6": 1.0
    },
    "pans": {
      "0": 0.0,
      "1": -0.04,
      "7": 0.0,
      "2": 0.0,
      "3": 0.0,
      "4": 0.0,
      "5": 0.0,
      "6": 0.0
    },
    "mutes": {
      "0": true,
      "1": true,
      "2": true,
      "3": true,
      "4": true,
      "5": true,
      "6": true,
      "7": false
    },
    "solos": [],
    "pre_listen": 1,
    "master_gain": 1.0,
    "last_seen": 1767613827.0459437,
    "reconnection_count": 0,
    "client_type": "native"
  },
  "5e60d2b1-33cb-474e-9786-322bcc5c5e4b": {
    "channels": [
      1
    ],
    "gains": {
      "1": 1.0
    },
    "pans": {
      "1": 0.0
    },
    "mutes": {
      "1": false
    },
    "solos": [],
    "pre_listen": null,
    "master_gain": 1.0,
    "last_seen": 1767613827.046238,
    "reconnection_count": 0,
    "client_type": "native"
  },
  "f3fd35e5-3b1c-421e-b27f-eeda851177bf": {
    "channels": [
      1
    ],
    "gains": {
      "1": 3.9810717055349722
    },
    "pans": {
      "1": 0.04
    },
    "mutes": {
      "1": false
    },
    "solos": [],
    "pre_listen": null,
    "master_gain": 1.0,
    "last_seen": 1767614438.6612084,
    "reconnection_count": 0,
    "client_type": "native"
  },
  "597e5589-0982-496e-bd87-fe2805017bd5": {
    "channels": [],
    "gains": {},
    "pans": {},
    "mutes": {},
    "solos": [],
    "pre_listen": null,
    "master_gain": 1.0,
    "last_seen": 1767614786.4511456,
    "reconnection_count": 0,
    "client_type": "native"
  },
  "02cd4034-b361-47d2-9391-9eec90f726fd": {
    "channels": [
      1
    ],
    "gains": {
      "1": 1.0
    },
    "pans": {
      "1": 0.0
    },
    "mutes": {
      "1": false
    },
    "solos": [],
    "master_gain": 1.0,
    "last_seen": 1767614992.7822542,
    "reconnection_count": 1,
    "client_type": "native"
  },
  "0f2cac70-e6a2-48fe-befe-c2a2f6bfa164": {
    "channels": [],
    "gains": {
      "1": 1.0
    },
    "pans": {
      "1": 0.0
    },
    "mutes": {
      "1": false
    },
    "solos": [],
    "master_gain": 1.0,
    "last_seen": 1767616437.032258,
    "reconnection_count": 0,
    "client_type": "native"
  },
  "cb533d33-7f4a-427e-a027-e3af40f13a17": {
    "channels": [
      1
    ],
    "gains": {
      "1": 0.8912509381337456,
      "2": 1.0,
      "0": 1.0,
      "3": 1.0,
      "4": 1.0,
      "5": 1.0,
      "6": 1.0,
      "7": 1.0
    },
    "pans": {
      "1": 0.08,
      "2": 0.0,
      "0": 0.0,
      "3": 0.0,
      "4": 0.0,
      "5": 0.0,
      "6": 0.0,
      "7": 0.0
    },
    "mutes": {
      "1": false,
      "0": true,
      "2": true,
      "3": true,
      "4": true,
      "5": true,
      "6": true,
      "7": true
    },
    "solos": [],
    "master_gain": 1.0,
    "last_seen": 1767616417.9875166,
    "reconnection_count": 0,
    "client_type": "native"
  },
  "b3ef7455-c9a7-44e2-9648-fe1647e22bb4": {
    "channels": [
      1
    ],
    "gains": {
      "1": 1.9952623149688795
    },
    "pans": {
      "1": 0.0
    },
    "mutes": {
      "1": false,
      "0": true,
      "2": true,
      "3": true,
      "4": true,
      "5": true,
      "6": true,
      "7": true
    },
    "solos": [],
    "master_gain": 1.0,
    "last_seen": 1767616779.9570096,
    "reconnection_count": 0,
    "client_type": "native"
  },
  "1870ee09-1157-4ea8-9019-c8e2200ca16a": {
    "channels": [
      1
    ],
    "gains": {
      "1": 1.0
    },
    "pans": {
      "1": 0.0
    },
    "mutes": {
      "1": false
    },
    "master_gain": 1.0,
    "last_seen": 1767621624.8201523,
    "reconnection_count": 1,
    "client_type": "native"
  },
  "a013bb5f-16cd-4248-a05e-1a682d9e67ca": {
    "channels": [
      1
    ],
    "gains": {
      "1": 1.0
    },
    "pans": {
      "1": 0.0
    },
    "mutes": {
      "1": false
    },
    "master_gain": 1.0,
    "last_seen": 1767620042.7160332,
    "reconnection_count": 0,
    "client_type": "native"
  },
  "1f076d5d-72e7-4d4c-b834-ea454644c95e": {
    "channels": [],
    "gains": {
      "1": 0.5956621435290105
    },
    "pans": {
      "1": 0.0
    },
    "mutes": {
      "1": false,
      "0": true,
      "2": true,
      "3": true,
      "4": true,
      "5": true,
      "6": true,
      "7": true
    },
    "master_gain": 1.0,
    "last_seen": 1767620056.6797073,
    "reconnection_count": 0,
    "client_type": "native"
  },
  "bddb9c23-e521-4085-94b7-7f82d80a3746": {
    "channels": [
      1
    ],
    "gains": {
      "1": 1.1220184543019633
    },
    "pans": {
      "1": 0.0
    },
    "mutes": {
      "1": false
    },
    "master_gain": 1.0,
    "last_seen": 1767621624.820481,
    "reconnection_count": 1,
    "client_type": "native"
  },