{
  "df2380cd-f502-4a3d-8f05-02419094606a": {
    "device_uuid": "df2380cd-f502-4a3d-8f05-02419094606a",
    "client_type": "native",
    "custom_name": null,
    "channels": [
      0
    ],
    "gains": {
      "0": 2.51188643150958,
      "1": 0.06309573444801933,
      "2": 0.3981071705534972,
      "3": 0.44668359215096315
    },
    "pans": {
      "0": 0.0,
      "2": -1.0,
      "3": 1.0
    },
    "mutes": {
      "0": false,
      "2": false,
      "3": false
    },
    "master_gain": 1.0,
    "created_at": 1768520298.931502,
    "last_modified": 1768758309.8693423,
    "last_session_duration": 0.0,
    "reconnection_count": 2578,
    "channel_names": {},
    "data_hash": "253db4860524cb8c5830115c2b7200fb534c29aceb482bb74fd248d1adae494a",
    "schema_version": 1
  },
  "3ccfcd8f-45f5-468a-b0ba-f03813fbe4ae": {
    "device_uuid": "3ccfcd8f-45f5-468a-b0ba-f03813fbe4ae",
    "client_type": "native",
    "custom_name": null,
    "channels": [
      0
    ],
    "gains": {
      "0": 2.113489039836647,
      "2": 0.5011872336272722,
      "3": 0.47315125896148047,
      "1": 1.4125375446227544,
      "6": 3.9810717055349722
    },
    "pans": {
      "0": 0.0,
      "2": -1.0,
      "3": 1.0,
      "1": 0.0
    },
    "mutes": {
      "0": false,
      "2": false,
      "3": false,
      "1": false
    },
    "master_gain": 1.0,
    "created_at": 1768520552.867899,
    "last_modified": 1768776617.5953736,
    "last_session_duration": 0.0,
    "reconnection_count": 3353,
    "channel_names": {},
    "data_hash": "616edef40b360a47cc71d21c0e6fca5696c40d30f5299c86922c42e231f10ace",
    "schema_version": 1
  }
}