{
  "2c0b900e-2c9f-496e-8cde-0e2afc4a14a2": {
    "channels": [],
    "gains": {},
    "pans": {},
    "mutes": {},
    "master_gain": 1.0,
    "last_seen": 1767671704.8812473,
    "reconnection_count": 0,
    "client_type": "native"
  },
  "2dbfd0ef-69fc-443c-95cb-e367c633fdc2": {
    "channels": [
      1
    ],
    "gains": {
      "1": 1.0,
      "0": 1.0,
      "2": 1.0,
      "3": 1.0,
      "4": 1.0,
      "5": 1.0,
      "6": 1.0,
      "7": 1.0
    },
    "pans": {
      "1": 0.0,
      "0": 0.0,
      "2": 0.0,
      "3": 0.0,
      "4": 0.0,
      "5": 0.0,
      "6": 0.0,
      "7": 0.0
    },
    "mutes": {
      "1": false,
      "0": false,
      "2": false,
      "3": false,
      "4": false,
      "5": false,
      "6": false,
      "7": false
    },
    "master_gain": 1.0,
    "last_seen": 1767656715.805951,
    "reconnection_count": 0,
    "client_type": "native"
  },
  "cf14df15-a548-40ba-ad20-4ab24e110495": {
    "channels": [],
    "gains": {},
    "pans": {},
    "mutes": {},
    "master_gain": 1.0,
    "last_seen": 1767656715.8060749,
    "reconnection_count": 0,
    "client_type": "native"
  },
  "b0acb29f-239b-46e5-b1c0-83f247e53791": {
    "channels": [],
    "gains": {},
    "pans": {},
    "mutes": {},
    "master_gain": 1.0,
    "last_seen": 1767656748.3923695,
    "reconnection_count": 0,
    "client_type": "native"
  },
  "4624b34c-c873-49f9-8e0b-7fc53bf3ed95": {
    "channels": [],
    "gains": {},
    "pans": {},
    "mutes": {},
    "master_gain": 1.0,
    "last_seen": 1767657978.8941388,
    "reconnection_count": 0,
    "client_type": "native"
  },
  "2177f9da-b0a1-4e91-9230-6f8a93c0fd68": {
    "channels": [],
    "gains": {},
    "pans": {},
    "mutes": {},
    "master_gain": 1.0,
    "last_seen": 1767657947.6646888,
    "reconnection_count": 0,
    "client_type": "native"
  },
  "e3e3bee6-eb84-481e-b30a-0925056ce187": {
    "channels": [
      1
    ],
    "gains": {
      "1": 3.9810717055349722,
      "0": 0.09440608762859236,
      "2": 3.9810717055349722,
      "3": 1.0,
      "4": 1.0,
      "5": 1.0,
      "6": 1.0,
      "7": 1.0
    },
    "pans": {
      "1": 0.0,
      "0": 0.0,
      "2": 0.0,
      "3": 0.0,
      "4": 0.0,
      "5": 0.0,
      "6": 0.0,
      "7": 0.0
    },
    "mutes": {
      "1": false,
      "0": false,
      "2": false,
      "3": false,
      "4": false,
      "5": false,
      "6": false,
      "7": false
    },
    "master_gain": 1.0,
    "last_seen": 1767657978.8939955,
    "reconnection_count": 0,
    "client_type": "native"
  },
  "0ae73ff4-52e1-48bb-93dd-66fb2be08cef": {
    "channels": [],
    "gains": {},
    "pans": {},
    "mutes": {},
    "master_gain": 1.0,
    "last_seen": 1767658771.7595026,
    "reconnection_count": 1,
    "client_type": "native"
  },
  "0c7432db-ef43-4f51-9673-11c6f626b617": {
    "channels": [
      1
    ],
    "gains": {
      "1": 2.371373705661655
    },
    "pans": {
      "1": 0.0
    },
    "mutes": {
      "1": false
    },
    "master_gain": 1.0,
    "last_seen": 1767659591.8211515,
    "reconnection_count": 0,
    "client_type": "native"
  },
  "4269ac16-b6db-47d0-93a1-a21711c8c02f": {
    "channels": [
      1
    ],
    "gains": {
      "1": 3.9810717055349722
    },
    "pans": {
      "1": 0.0
    },
    "mutes": {
      "1": false
    },
    "master_gain": 1.0,
    "last_seen": 1767659011.7764883,
    "reconnection_count": 0,
    "client_type": "native"
  },
  "5f7bac70-2744-4541-a960-65eaeb8d28b5": {
    "channels": [],
    "gains": {},
    "pans": {},
    "mutes": {},
    "master_gain": 1.0,
    "last_seen": 1767659461.8117795,
    "reconnection_count": 0,
    "client_type": "native"
  },
  "1984f785-c641-4139-b541-395773147d83": {
    "channels": [
      1
    ],
    "gains": {
      "1": 3.9810717055349722
    },
    "pans": {
      "1": 0.0
    },
    "mutes": {
      "1": false
    },
    "master_gain": 1.0,
    "last_seen": 1767667075.6746068,
    "reconnection_count": 0,
    "client_type": "native"
  },
  "43aa9033-d64d-4a7b-bc98-491ca97ab813": {
    "channels": [
      1
    ],
    "gains": {
      "1": 3.9810717055349722
    },
    "pans": {
      "1": 0.0
    },
    "mutes": {
      "1": false
    },
    "master_gain": 1.0,
    "last_seen": 1767661917.9987571,
    "reconnection_count": 0,
    "client_type": "native"
  },
  "f556de82-1170-45ca-af18-235d0e6a2310": {
    "channels": [
      1
    ],
    "gains": {
      "1": 3.9810717055349722
    },
    "pans": {
      "1": 0.0
    },
    "mutes": {
      "1": false
    },
    "master_gain": 1.0,
    "last_seen": 1767666766.118436,
    "reconnection_count": 0,
    "client_type": "native"
  },
  "24609774-d229-4f49-9f2d-8071a8bfd27f": {
    "channels": [
      1
    ],
    "gains": {
      "1": 2.8183829312644537
    },
    "pans": {
      "1": 0.0
    },
    "mutes": {
      "1": false
    },
    "master_gain": 1.0,
    "last_seen": 1767666766.1185133,
    "reconnection_count": 0,
    "client_type": "native"
  },
  "cf5d5a98-24e1-4496-bca8-27b089b715f2": {
    "channels": [],
    "gains": {},
    "pans": {},
    "mutes": {},
    "master_gain": 1.0,
    "last_seen": 1767662008.4755776,
    "reconnection_count": 0,
    "client_type": "native"
  },
  "c129693b-f73a-4bc4-bc05-03bb30348132": {
    "channels": [],
    "gains": {},
    "pans": {},
    "mutes": {},
    "master_gain": 1.0,
    "last_seen": 1767671705.9352105,
    "reconnection_count": 0,
    "client_type": "native"
  },
  "0b351bc8-5d70-4857-9135-169964a430cb": {
    "channels": [],
    "gains": {},
    "pans": {},
    "mutes": {},
    "master_gain": 1.0,
    "last_seen": 1767666766.1208577,
    "reconnection_count": 0,
    "client_type": "native"
  },
  "43d5ec52-bbd6-446e-84fd-2a77522a9248": {
    "channels": [],
    "gains": {},
    "pans": {},
    "mutes": {},
    "master_gain": 1.0,
    "last_seen": 1767666766.1204765,
    "reconnection_count": 0,
    "client_type": "native"
  },
  "6dc72628-e3a7-43a5-b823-ecf6ca1e86e0": {
    "channels": [],
    "gains": {},
    "pans": {},
    "mutes": {},
    "master_gain": 1.0,
    "last_seen": 1767666766.1206274,
    "reconnection_count": 0,
    "client_type": "native"
  },
  "8bef24ee-aee6-4fb9-9c4e-39970eb37e50": {
    "channels": [],
    "gains": {},
    "pans": {},
    "mutes": {},
    "master_gain": 1.0,
    "last_seen": 1767666766.120054,
    "reconnection_count": 0,
    "client_type": "native"
  },
  "6889d093-bdbd-4217-ac36-b6c73e1e230a": {
    "channels": [],
    "gains": {},
    "pans": {},
    "mutes": {},
    "master_gain": 1.0,
    "last_seen": 1767667409.2812967,
    "reconnection_count": 0,
    "client_type": "native"
  },
  "a4ebc3d1-3182-4727-b923-556b8526f9e0": {
    "channels": [],
    "gains": {},
    "pans": {},
    "mutes": {},
    "master_gain": 1.0,
    "last_seen": 1767667955.0195446,
    "reconnection_count": 0,
    "client_type": "native"
  },
  "c70df1c0-7aa2-45fd-98d6-05458c255c2e": {
    "channels": [
      1
    ],
    "gains": {
      "1": 1.0
    },
    "pans": {
      "1": -0.03
    },
    "mutes": {
      "1": false
    },
    "master_gain": 1.0,
    "last_seen": 1767670147.9672437,
    "reconnection_count": 0,
    "client_type": "native"
  },
  "35527cb7-815e-4f3a-9fa3-5240e14f3a9d": {
    "channels": [],
    "gains": {},
    "pans": {},
    "mutes": {},
    "master_gain": 1.0,
    "last_seen": 1767670671.1745946,
    "reconnection_count": 0,
    "client_type": "native"
  },
  "ab2039b9-751c-424e-9a50-112d04ac4a57": {
    "channels": [
      1,
      0
    ],
    "gains": {
      "1": 1.9952623149688795,
      "0": 1.0,
      "2": 1.0,
      "3": 1.0,
      "4": 1.0,
      "5": 1.0,
      "6": 1.0,
      "7": 1.0
    },
    "pans": {
      "1": 0.0,
      "0": 0.0,
      "2": 0.0,
      "3": 0.0,
      "4": 0.0,
      "5": 0.0,
      "6": 0.0,
      "7": 0.0
    },
    "mutes": {
      "1": false,
      "0": false,
      "2": false,
      "3": false,
      "4": false,
      "5": false,
      "6": false,
      "7": false
    },