{
  "df2380cd-f502-4a3d-8f05-02419094606a": {
    "uuid": "df2380cd-f502-4a3d-8f05-02419094606a",
    "type": "android",
    "name": "android-df2380cd",
    "custom_name": "oppo",
    "mac_address": null,
    "primary_ip": "192.168.1.9",
    "device_info": {
      "type": "android",
      "name": "android-df2380cd",
      "primary_ip": "192.168.1.9",
      "client_id": "3b7916f4-7bbf-4d5d-a258-04b992a47860",
      "protocol_version": 2,
      "rf_mode": true,
      "user_agent": null
    },
    "first_seen": 1768520298.9300804,
    "last_seen": 1768601292.0933154,
    "reconnections": 4571,
    "configuration": {
      "channels": [
        0,
        1,
        2,
        3,
        4,
        5,
        6,
        7
      ],
      "gains": {
        "0": 0.18836490894898006,
        "1": 0.06309573444801933,
        "2": 0.001,
        "3": 0.001,
        "4": 0.001,
        "5": 0.001,
        "6": 0.001,
        "7": 0.001
      },
      "pans": {
        "0": 0.0,
        "1": 0.0,
        "2": 0.0,
        "3": 0.0,
        "4": 0.0,
        "5": 0.0,
        "6": 0.0,
        "7": 0.0
      },
      "mutes": {
        "0": false,
        "1": false,
        "2": false,
        "3": false,
        "4": false,
        "5": false,
        "6": false,
        "7": false
      },
      "solos": [],
      "master_gain": 1.0,
      "timestamp": 1768601292093
    },
    "configuration_session_id": null,
    "tags": [],
    "active": true
  },
  "3ccfcd8f-45f5-468a-b0ba-f03813fbe4ae": {
    "uuid": "3ccfcd8f-45f5-468a-b0ba-f03813fbe4ae",
    "type": "android",
    "name": "android-3ccfcd8f",
    "custom_name": "gabriel",
    "mac_address": null,
    "primary_ip": "192.168.1.13",
    "device_info": {
      "type": "android",
      "name": "android-3ccfcd8f",
      "primary_ip": "192.168.1.13",
      "client_id": "5cbd9c0b-e1d9-4d67-a7cd-0d8e8c0f869d",
      "protocol_version": 2,
      "rf_mode": true,
      "user_agent": null
    },
    "first_seen": 1768520552.8655303,
    "last_seen": 1768601293.6497116,
    "reconnections": 3241,
    "configuration": {
      "channels": [
        0,
        1,
        2,
        3,
        4,
        5,
        6,
        7
      ],
      "gains": {
        "0": 2.51188643150958,
        "1": 1.4125375446227544,
        "2": 0.001,
        "3": 0.001,
        "4": 0.001,
        "5": 0.001,
        "6": 0.001,
        "7": 0.001
      },
      "pans": {
        "0": 0.0,
        "1": 0.0,
        "2": 0.0,
        "3": 0.0,
        "4": 0.0,
        "5": 0.0,
        "6": 0.0,
        "7": 0.0
      },
      "mutes": {
        "0": false,
        "1": false,
        "2": false,
        "3": false,
        "4": false,
        "5": false,
        "6": false,
        "7": false
      },
      "solos": [],
      "master_gain": 1.0,
      "timestamp": 1768601293649
    },
    "configuration_session_id": null,
    "tags": [],
    "active": true
  },
  "test_device_123": {
    "uuid": "test_device_123",
    "type": "web",
    "name": "Test Device",
    "custom_name": null,
    "mac_address": null,
    "primary_ip": null,
    "device_info": {
      "type": "web",
      "name": "Test Audio Device",
      "max_input_channels": 8,
      "default_sample_rate": 48000
    },
    "first_seen": 1768573661.5717874,
    "last_seen": 1768601116.7941737,
    "reconnections": 5,
    "configuration": {},
    "configuration_session_id": null,
    "tags": [],
    "active": true
  },
  "web1": {
    "uuid": "web1",
    "type": "web",
    "name": "Web Device 1",
    "custom_name": null,
    "mac_address": null,
    "primary_ip": null,
    "device_info": {
      "type": "web",
      "name": "Web Device 1"
    },
    "first_seen": 1768601116.7722683,
    "last_seen": 1768601116.7722683,
    "reconnections": 0,
    "configuration": {},
    "configuration_session_id": null,
    "tags": [],
    "active": true
  },
  "android1": {
    "uuid": "android1",
    "type": "android",
    "name": "Android Device 1",
    "custom_name": null,
    "mac_address": null,
    "primary_ip": null,
    "device_info": {
      "type": "android",
      "name": "Android Device 1"
    },
    "first_seen": 1768601116.7736022,
    "last_seen": 1768601116.7736022,
    "reconnections": 0,
    "configuration": {},
    "configuration_session_id": null,
    "tags": [],
    "active": true
  },
  "web2": {
    "uuid": "web2",
    "type": "web",
    "name": "Web Device 2",
    "custom_name": null,
    "mac_address": null,
    "primary_ip": null,
    "device_info": {
      "type": "web",
      "name": "Web Device 2"
    },
    "first_seen": 1768601116.7750244,
    "last_seen": 1768601116.7750244,
    "reconnections": 0,
    "configuration": {},
    "configuration_session_id": null,
    "tags": [],
    "active": true
  }
}